facility_id,counterparty_id,start_date,end_date,facility_type,amount
1,1,22/04/2020,,,2576
2,2,08/02/2023,,Term Loan,58169
3,3,13/12/2023,,Line of Credit,81874
4,4,14/02/2015,,Mortgage,4822
5,5,05/12/2016,,Term Loan,16904
6,6,22/03/2015,,Line of Credit,37205
7,6,28/03/2022,,Mortgage,29511
8,7,07/06/2022,,Term Loan,61455
9,8,24/02/2017,,Term Loan,18962
10,8,17/05/2016,14/08/2016,Mortgage,81979
11,9,29/07/2022,,Line of Credit,26880
12,10,06/07/2018,,Mortgage,15530
13,11,10/03/2019,,Asset Finance,45192
14,11,16/01/2021,20/03/2021,Asset Finance,97587
15,12,15/07/2016,,Term Loan,76414
16,13,09/10/2023,,Mortgage,13732
17,14,06/09/2015,,Term Loan,94341
18,15,29/07/2020,,Term Loan,89535
19,16,23/03/2018,,Mortgage,12404
20,17,04/08/2020,,Term Loan,71823
21,18,05/07/2020,,Asset Finance,68908
22,19,07/03/2022,,Term Loan,9878
23,19,22/01/2018,,Term Loan,58064
24,20,17/02/2018,,Term Loan,72093
25,21,02/06/2016,,Term Loan,36180
26,22,13/12/2022,,Line of Credit,93211
27,23,25/12/2016,,Mortgage,5877
28,24,15/11/2020,,Line of Credit,71339
29,25,15/09/2021,,Mortgage,7485
30,26,22/09/2017,,Term Loan,88773
31,27,20/08/2017,,Line of Credit,37254
32,28,28/01/2022,,Asset Finance,89786
33,29,21/05/2020,,Term Loan,95046
34,30,13/08/2019,,Term Loan,90532
35,31,31/03/2015,,Line of Credit,58582
36,32,01/06/2019,,Mortgage,24199
37,33,13/01/2021,,Line of Credit,28457
38,34,15/04/2021,,Term Loan,95878
39,35,07/12/2015,,Mortgage,98896
40,36,31/07/2017,,Term Loan,41409
41,37,16/02/2018,,Term Loan,95923
42,38,15/12/2019,,Mortgage,2274
43,39,20/02/2016,,Term Loan,39905
44,40,02/12/2022,,Line of Credit,89507
45,41,28/02/2018,,Mortgage,34285
46,41,14/05/2019,,Asset Finance,4985
47,42,21/11/2020,,Mortgage,8278
48,43,12/07/2019,,Term Loan,24118
49,44,17/03/2022,,Term Loan,47877
50,45,11/01/2022,,Mortgage,52398
51,46,30/09/2019,,Term Loan,92775
52,47,01/01/2024,,Line of Credit,19141
53,48,04/05/2017,,Mortgage,27566
54,49,27/10/2021,,Term Loan,85771
55,50,03/06/2016,,Mortgage,72345
56,51,09/04/2020,,Asset Finance,31956
57,52,13/10/2021,,Term Loan,85327
58,53,11/05/2023,,Mortgage,95356
59,54,02/05/2015,,Term Loan,52519
60,54,23/12/2023,,Term Loan,19633
61,55,10/04/2017,,Mortgage,55890
62,56,15/12/2018,,Term Loan,31054
63,57,07/05/2018,13/07/2018,Term Loan,44814
64,58,05/09/2020,,Term Loan,96090
65,59,07/02/2022,,Asset Finance,65812
66,60,08/01/2021,,Mortgage,12647
67,61,02/01/2022,,Line of Credit,89511
68,62,11/04/2016,03/07/2016,Term Loan,24482
69,63,23/06/2020,,Asset Finance,92237
70,64,22/11/2019,,Asset Finance,59194
71,65,15/03/2019,,Term Loan,99482
72,65,01/11/2022,,Asset Finance,16203
73,66,17/09/2017,,Term Loan,93495
74,67,08/08/2019,,Line of Credit,78002
75,68,03/09/2018,,Term Loan,61301
76,69,19/11/2022,,Term Loan,71089
77,70,26/03/2015,17/04/2015,Term Loan,2118
78,71,31/12/2015,,,84468
79,72,09/12/2022,,Mortgage,5946
80,73,26/04/2020,,Term Loan,13284
81,74,07/04/2022,,Line of Credit,85382
82,75,18/02/2020,,Term Loan,94297
83,76,27/08/2023,,Term Loan,55302
84,77,11/10/2016,,Line of Credit,33522
85,78,24/02/2017,,Term Loan,84957
86,79,19/01/2020,,Line of Credit,66727
87,80,24/10/2020,,Mortgage,78313
88,81,30/11/2022,,Term Loan,23433
89,82,10/04/2023,,Mortgage,79570
90,83,05/03/2015,,Asset Finance,27448
91,84,07/10/2016,,Term Loan,28059
92,85,15/09/2020,,Asset Finance,86489
93,86,14/06/2021,,,84019
94,87,18/12/2020,,Term Loan,79570
95,88,27/07/2021,,Line of Credit,13703
96,89,23/06/2022,,Line of Credit,69953
97,90,16/08/2023,,Term Loan,94282
98,91,27/03/2020,,Term Loan,67228
99,92,27/11/2023,,Line of Credit,23552
100,93,18/12/2018,,Term Loan,59797
101,94,27/03/2023,,Line of Credit,10005
102,95,15/06/2019,,Asset Finance,18558
103,96,14/01/2018,,Term Loan,44003
104,97,20/02/2022,,Asset Finance,93535
105,98,05/04/2017,,Line of Credit,60485
106,99,11/10/2015,,Mortgage,34735
107,99,26/08/2020,,Asset Finance,16977
108,100,08/06/2016,,Line of Credit,50433
109,101,07/09/2022,,Asset Finance,98235
110,102,23/06/2015,,Term Loan,3407
111,103,21/12/2019,,Mortgage,45471
112,104,01/01/2017,,Mortgage,91217
113,105,09/06/2020,,Mortgage,81802
114,106,27/09/2020,,Asset Finance,45478
115,107,12/07/2019,,Line of Credit,9397
116,108,09/09/2017,,Asset Finance,52164
117,109,31/10/2020,,Mortgage,47126
118,110,06/11/2017,,Term Loan,21195
119,111,19/03/2016,,Mortgage,22663
120,112,13/07/2023,,Term Loan,57064
121,113,30/01/2015,,Term Loan,26840
122,114,28/02/2021,,Mortgage,17619
123,115,30/09/2020,,Mortgage,76664
124,115,17/07/2018,,Mortgage,88567
125,116,29/08/2019,,Term Loan,86011
126,117,10/09/2015,,Mortgage,62157
127,118,07/02/2018,,Mortgage,82452
128,119,24/10/2023,,Line of Credit,60439
129,120,03/07/2017,,Mortgage,42237
130,121,18/10/2019,,Term Loan,16601
131,122,06/03/2016,,Line of Credit,4313
132,123,29/03/2022,,Mortgage,35145
133,124,12/07/2018,,Term Loan,24999
134,125,27/01/2017,,Term Loan,19345
135,126,12/04/2016,,Term Loan,86470
136,127,05/09/2020,,,84972
137,127,26/11/2022,,Asset Finance,41585
138,128,30/06/2021,,Line of Credit,57236
139,129,23/09/2018,,Mortgage,78119
140,130,27/01/2017,,Line of Credit,7244
141,131,31/03/2023,,Mortgage,89535
142,132,31/07/2017,,Mortgage,65620
143,133,28/05/2018,,Term Loan,55700
144,133,13/03/2023,,Mortgage,29237
145,134,17/07/2018,,Asset Finance,65818
146,135,13/12/2020,,Mortgage,40567
147,135,19/05/2016,,Line of Credit,14904
148,136,24/11/2023,,Mortgage,79716
149,137,29/07/2023,,Term Loan,58722
150,138,30/08/2021,,Line of Credit,48628
151,139,13/11/2018,,Term Loan,8032
152,140,12/07/2016,,Mortgage,83546
153,141,26/03/2021,,Asset Finance,18040
154,142,13/02/2016,,Mortgage,64404
155,143,03/09/2021,,Term Loan,19939
156,144,08/04/2021,,Mortgage,49172
157,145,13/03/2023,,Term Loan,94422
158,146,14/03/2020,,Asset Finance,96578
159,147,29/01/2020,,Mortgage,67285
160,148,27/06/2017,,Term Loan,59430
161,149,19/01/2016,,Term Loan,18503
162,150,27/05/2021,,Asset Finance,88361
163,150,20/08/2018,,Line of Credit,38347
164,151,12/05/2023,,Mortgage,72532
165,152,05/04/2023,,Mortgage,94350
166,153,08/04/2022,,Asset Finance,35096
167,154,13/01/2015,,Line of Credit,9208
168,155,01/10/2018,,Mortgage,43131
169,156,22/06/2022,,Term Loan,69334
170,157,13/01/2021,,Term Loan,75088
171,158,25/06/2017,,Line of Credit,4196
172,159,11/07/2018,,Mortgage,12939
173,159,28/02/2017,,Asset Finance,93337
174,160,22/09/2021,,Term Loan,82333
175,161,11/07/2020,,Line of Credit,45008
176,162,16/05/2023,,Asset Finance,41620
177,163,20/08/2021,,Term Loan,38255
178,164,13/05/2022,,Asset Finance,49366
179,165,27/09/2021,,Asset Finance,21367
180,166,06/06/2021,,Asset Finance,99118
181,167,15/10/2023,,Line of Credit,16303
182,168,21/03/2023,,Line of Credit,78694
183,169,15/10/2016,,Line of Credit,64464
184,170,09/10/2017,,Term Loan,17926
185,171,22/12/2020,,Term Loan,19488
186,172,03/03/2022,,Term Loan,26309
187,173,14/09/2022,,Mortgage,35018
188,174,27/05/2018,,Line of Credit,46353
189,175,02/03/2020,,Line of Credit,17358
190,176,09/02/2019,,Term Loan,84112
191,177,11/06/2017,,Mortgage,52444
192,178,15/02/2016,,Line of Credit,66465
193,179,28/03/2018,,Mortgage,10139
194,180,13/03/2018,,Mortgage,42315
195,181,02/07/2015,,Mortgage,24978
196,182,12/09/2022,,Mortgage,2681
197,183,01/11/2023,,Line of Credit,86689
198,183,10/10/2020,,Asset Finance,32405
199,184,10/04/2023,,Asset Finance,22490
200,185,25/08/2017,,Asset Finance,62000
201,186,18/05/2016,,Line of Credit,45976
202,187,20/05/2017,,Line of Credit,59216
203,188,20/02/2021,,Term Loan,47319
204,189,02/07/2019,,Line of Credit,28169
205,190,21/09/2020,,Line of Credit,40814
206,191,12/07/2017,,Term Loan,58271
207,192,30/10/2016,,Line of Credit,12036
208,193,10/03/2018,,Term Loan,43862
209,194,03/09/2016,,Mortgage,62295
210,195,03/07/2018,,Mortgage,76723
211,196,09/03/2021,,Asset Finance,66987
212,197,11/04/2021,,Line of Credit,96592
213,198,22/12/2018,,Line of Credit,38809
214,199,17/06/2016,,Term Loan,27511
215,200,29/10/2021,,Mortgage,18708
216,201,10/03/2017,,Term Loan,78937
217,202,02/11/2019,,Term Loan,30748
218,202,07/10/2021,,Mortgage,58477
219,203,07/05/2019,,Mortgage,24045
220,203,07/07/2016,,Term Loan,22216
221,204,12/07/2016,,Line of Credit,3639
222,205,25/03/2019,,Mortgage,46028
223,206,31/08/2020,,Line of Credit,36924
224,207,25/02/2021,,Line of Credit,26189
225,207,30/05/2020,,Mortgage,19478
226,208,02/10/2023,,Term Loan,23155
227,209,13/06/2018,,Mortgage,91409
228,210,28/10/2020,,Mortgage,66684
229,211,09/05/2015,,Mortgage,2168
230,212,08/07/2023,,Mortgage,40494
231,213,31/12/2022,,Term Loan,41126
232,214,01/10/2016,,Asset Finance,80097
233,215,31/01/2019,,Mortgage,98586
234,216,27/03/2017,,Term Loan,15784
235,217,14/11/2015,,Term Loan,89837
236,218,17/01/2020,,Term Loan,83788
237,218,01/08/2016,,,4603
238,219,08/10/2023,,Asset Finance,54419
239,220,16/06/2021,,Mortgage,1328
240,221,27/05/2021,,Asset Finance,48338
241,222,12/04/2018,,Term Loan,27640
242,223,19/08/2016,,Term Loan,37743
243,224,14/12/2018,,Line of Credit,84475
244,225,30/06/2020,,Line of Credit,56235
245,226,19/12/2015,,Term Loan,93900
246,226,14/05/2016,,Term Loan,40609
247,227,19/07/2020,,Asset Finance,22875
248,228,26/12/2022,,Line of Credit,31364
249,229,20/03/2019,,Term Loan,44926
250,230,27/10/2021,,Line of Credit,25165
251,231,21/05/2017,,Term Loan,79068
252,232,28/04/2017,,Line of Credit,87441
253,232,03/12/2021,,Term Loan,20941
254,233,18/03/2022,,Term Loan,6967
255,234,01/04/2018,,Mortgage,29202
256,235,16/09/2020,,Term Loan,95648
257,236,22/08/2022,,Term Loan,66021
258,237,16/07/2020,,Term Loan,42427
259,238,27/12/2023,,Mortgage,31177
260,239,26/04/2020,,,23905
261,240,10/07/2016,,Term Loan,55790
262,241,16/07/2020,,Asset Finance,74457
263,242,18/06/2015,,Line of Credit,19649
264,243,23/10/2018,,Mortgage,57910
265,244,16/12/2022,,Mortgage,80312
266,245,08/03/2019,,Mortgage,31135
267,246,05/11/2019,,Mortgage,98629
268,247,05/08/2020,,Term Loan,2306
269,248,23/02/2016,,Line of Credit,63825
270,249,25/12/2019,,Term Loan,89928
271,250,09/09/2016,,Mortgage,64462
272,251,30/05/2022,,Line of Credit,36117
273,252,25/12/2015,,Term Loan,14432
274,253,09/11/2022,,Mortgage,63075
275,254,18/01/2016,,Term Loan,51452
276,255,15/03/2022,,Asset Finance,63698
277,256,05/12/2022,,Term Loan,14660
278,257,02/01/2021,,Line of Credit,53803
279,258,30/09/2018,,Term Loan,29893
280,259,15/06/2022,,Asset Finance,96502
281,260,16/09/2015,,Mortgage,98648
282,261,18/06/2019,,Term Loan,92032
283,262,26/01/2015,,Term Loan,29917
284,263,26/07/2017,,Term Loan,5508
285,264,16/05/2021,,Mortgage,37771
286,265,13/11/2021,,Term Loan,41151
287,265,19/06/2022,,Asset Finance,49135
288,266,15/02/2016,,Asset Finance,10220
289,267,05/01/2022,,Line of Credit,87930
290,267,26/11/2018,,Asset Finance,94966
291,268,18/01/2015,,Term Loan,32904
292,269,06/07/2022,,Term Loan,64757
293,270,22/11/2015,,Term Loan,65415
294,270,07/02/2022,,Line of Credit,24692
295,271,12/09/2021,,Asset Finance,12219
296,272,16/05/2020,,Mortgage,99308
297,273,21/03/2019,,Term Loan,21432
298,274,13/04/2018,,Term Loan,84034
299,275,04/01/2017,,Term Loan,68539
300,276,10/05/2020,,Line of Credit,9362
301,277,17/06/2015,,Mortgage,17996
302,278,29/09/2018,,Line of Credit,53681
303,279,06/05/2023,,Line of Credit,41390
304,280,16/09/2021,,Line of Credit,87464
305,281,06/08/2020,,Term Loan,25062
306,282,11/05/2016,,Line of Credit,62070
307,283,19/11/2021,,Mortgage,33241
308,283,08/08/2018,,Asset Finance,61551
309,284,13/03/2019,,Line of Credit,16103
310,285,14/02/2017,,Line of Credit,50143
311,286,28/01/2023,,Term Loan,12187
312,287,19/08/2017,,Term Loan,22713
313,288,26/08/2020,,Mortgage,43646
314,289,10/05/2023,,Term Loan,67342
315,290,06/06/2020,,Term Loan,35233
316,291,12/02/2021,,Mortgage,20649
317,292,17/10/2019,,Mortgage,29746
318,293,08/12/2015,,Line of Credit,2476
319,294,21/01/2015,,Asset Finance,62281
320,295,11/06/2023,,Asset Finance,44085
321,296,15/09/2021,,Term Loan,10901
322,297,10/11/2018,,Term Loan,33129
323,298,01/01/2022,,Mortgage,22944
324,299,24/11/2019,,Term Loan,3325
325,300,15/04/2023,,Asset Finance,66103
326,301,21/03/2017,,Term Loan,34626
327,302,01/11/2021,,Mortgage,93359
328,303,18/07/2018,,Line of Credit,22635
329,304,13/01/2015,,Asset Finance,81099
330,305,23/10/2021,,Mortgage,77213
331,306,13/03/2018,,Term Loan,93392
332,307,10/08/2018,,Asset Finance,59408
333,308,17/12/2015,,Line of Credit,61716
334,309,01/10/2023,,Mortgage,54111
335,310,14/08/2023,,Line of Credit,95347
336,311,11/12/2019,,Mortgage,31228
337,312,29/10/2021,,Mortgage,48847
338,313,22/08/2023,,Term Loan,97899
339,314,14/02/2022,,Line of Credit,47249
340,315,14/05/2021,,Line of Credit,27885
341,316,01/02/2021,,Term Loan,42817
342,317,07/11/2015,,Term Loan,31837
343,318,13/11/2020,,Line of Credit,92297
344,319,03/04/2021,,Asset Finance,95098
345,320,22/08/2016,,Mortgage,74708
346,321,14/08/2022,,Term Loan,28166
347,322,09/07/2017,,Mortgage,46082
348,323,25/07/2020,,Term Loan,68959
349,323,06/05/2020,,Mortgage,47099
350,324,28/02/2017,,Mortgage,40368
351,325,01/02/2019,,Asset Finance,17233
352,326,23/11/2015,,Mortgage,70929
353,326,25/10/2020,,,77900
354,327,09/11/2018,,Term Loan,79246
355,328,14/01/2015,,Line of Credit,95381
356,329,19/09/2016,,Term Loan,92669
357,330,17/03/2018,,Term Loan,21536
358,331,02/09/2019,,Term Loan,46475
359,332,02/09/2015,,Asset Finance,64815
360,333,16/12/2023,,Term Loan,82478
361,334,15/02/2022,,Term Loan,23311
362,335,07/03/2016,,Mortgage,2359
363,336,25/12/2020,,Mortgage,23514
364,337,22/03/2023,,Mortgage,5155
365,338,31/12/2020,,Line of Credit,30339
366,339,17/03/2018,,Mortgage,39708
367,340,27/06/2019,,Mortgage,35160
368,341,28/01/2021,,Asset Finance,42255
369,342,08/02/2015,,Line of Credit,15368
370,343,22/06/2016,,Term Loan,30819
371,344,26/12/2020,,Mortgage,46207
372,345,08/11/2023,,Mortgage,3384
373,345,12/02/2022,,Term Loan,97720
374,346,17/01/2015,,Mortgage,55052
375,347,14/01/2020,,Term Loan,45479
376,348,31/01/2018,,Asset Finance,49872
377,349,15/03/2019,,Mortgage,50899
378,350,16/02/2017,,Term Loan,96710
379,351,03/11/2019,,Asset Finance,62898
380,352,16/11/2021,,,26370
381,353,28/09/2019,,Mortgage,39756
382,354,08/06/2017,,Asset Finance,47647
383,355,14/01/2019,,Mortgage,25809
384,356,18/11/2020,,Mortgage,50766
385,357,11/12/2023,,Mortgage,53630
386,358,18/08/2021,,Mortgage,52559
387,359,26/05/2018,,Term Loan,44549
388,360,21/10/2020,,Term Loan,67711
389,361,08/08/2018,,Term Loan,18405
390,362,30/08/2017,,Term Loan,18786
391,362,28/01/2022,,Term Loan,15268
392,362,10/06/2023,,Asset Finance,81299
393,363,24/04/2019,,Mortgage,5975
394,364,02/03/2015,,Term Loan,68688
395,365,02/04/2023,,Mortgage,74751
396,366,24/03/2017,,Term Loan,46006
397,367,13/08/2016,,Asset Finance,4917
398,368,03/05/2018,,,40966
399,369,23/05/2018,,Term Loan,32682
400,370,19/10/2020,,Asset Finance,31720
401,371,29/11/2018,,Line of Credit,5986
402,372,16/03/2017,,Mortgage,50609
403,373,01/01/2021,,Mortgage,38290
404,374,28/01/2018,,Mortgage,8722
405,375,11/05/2019,,Mortgage,4202
406,376,11/02/2015,,Line of Credit,94692
407,376,09/10/2016,,Mortgage,76881
408,377,30/07/2016,,Mortgage,68734
409,377,25/06/2020,,Term Loan,45432
410,378,19/07/2019,,Term Loan,92370
411,379,26/01/2022,,Asset Finance,50612
412,380,17/04/2021,,Mortgage,40633
413,381,26/04/2023,,Line of Credit,38547
414,382,05/05/2020,,Mortgage,52670
415,383,11/12/2018,,Asset Finance,81263
416,384,11/07/2019,,Asset Finance,72286
417,385,02/02/2016,,Mortgage,63198
418,386,16/10/2015,,Term Loan,65443
419,387,24/09/2016,,Mortgage,35848
420,388,19/08/2016,,Term Loan,82072
421,389,17/11/2017,,Term Loan,64473
422,390,01/04/2019,,Mortgage,97509
423,391,29/09/2019,,Term Loan,80081
424,391,06/03/2017,,Asset Finance,95375
425,392,08/04/2023,,Term Loan,91251
426,393,24/03/2018,,Term Loan,94082
427,394,01/01/2018,,Term Loan,42616
428,395,05/06/2016,,Asset Finance,40114
429,396,29/11/2020,,Term Loan,42513
430,397,20/05/2023,,Term Loan,49277
431,398,05/12/2020,,Term Loan,9777
432,399,10/10/2016,,Mortgage,19921
433,400,29/05/2017,,Line of Credit,30900
434,401,11/10/2015,,Mortgage,25990
435,401,01/11/2019,,Asset Finance,39523
436,402,27/10/2017,,Mortgage,63974
437,403,30/08/2021,,Mortgage,91888
438,404,01/01/2022,,,95636
439,405,25/01/2023,,Term Loan,79209
440,405,18/03/2019,,Term Loan,50364
441,405,21/07/2018,,Asset Finance,51187
442,406,19/06/2019,,Term Loan,60615
443,407,24/10/2023,,Line of Credit,41716
444,408,22/06/2016,,Term Loan,73870
445,409,15/04/2018,,Mortgage,66899
446,410,08/08/2022,,Asset Finance,89970
447,411,23/11/2022,,Line of Credit,39702
448,412,11/10/2020,,Line of Credit,33809
449,413,05/06/2020,,Mortgage,25922
450,413,28/02/2016,,Line of Credit,84801
451,413,21/01/2023,,Term Loan,52107
452,414,05/08/2016,,Mortgage,88198
453,415,19/05/2019,,Asset Finance,25309
454,416,09/10/2015,,Term Loan,93121
455,417,20/09/2022,,Mortgage,5105
456,418,07/08/2017,,Asset Finance,14580
457,419,06/04/2018,,Mortgage,99125
458,420,13/03/2021,,Term Loan,85146
459,421,25/08/2018,,,25289
460,422,25/08/2023,,Mortgage,95536
461,423,17/09/2023,,Term Loan,33449
462,424,11/08/2018,,Term Loan,71327
463,424,06/10/2023,,Term Loan,92408
464,425,03/01/2017,,Asset Finance,47850
465,426,20/06/2017,,Asset Finance,16306
466,427,07/10/2018,,Line of Credit,94369
467,428,05/04/2023,,Asset Finance,59884
468,429,04/07/2023,,Mortgage,63951
469,430,20/09/2016,,Line of Credit,26228
470,431,18/12/2019,,Term Loan,23281
471,432,15/06/2017,,Line of Credit,64027
472,433,05/01/2017,,Term Loan,9667
473,434,12/06/2021,,Term Loan,15446
474,435,20/03/2023,,Mortgage,56276
475,436,31/10/2023,,Term Loan,55250
476,437,01/11/2017,,Term Loan,96931
477,438,08/06/2016,,Term Loan,79062
478,439,11/05/2019,,Line of Credit,17321
479,439,25/12/2023,,Mortgage,16828
480,440,16/08/2016,,Line of Credit,47339
481,441,24/04/2022,,Line of Credit,77147
482,442,01/07/2022,,Mortgage,6924
483,443,10/04/2016,,Term Loan,31268
484,444,19/04/2015,,Mortgage,7241
485,445,18/09/2019,,Mortgage,72123
486,446,10/02/2019,,Term Loan,23048
487,446,24/06/2021,,Asset Finance,73472
488,446,17/03/2021,,Term Loan,89640
489,447,31/10/2022,,Mortgage,72072
490,447,14/03/2015,,Line of Credit,44955
491,448,02/03/2017,,Term Loan,53302
492,449,19/07/2020,,Term Loan,65734
493,450,04/05/2017,,Mortgage,39306
494,451,12/04/2017,,Asset Finance,97777
495,452,01/06/2015,,Line of Credit,62423
496,453,06/10/2020,,Mortgage,51466
497,454,06/11/2015,,Term Loan,39302
498,455,15/11/2015,,Term Loan,30039
499,456,02/04/2022,,Mortgage,72188
500,457,16/09/2017,,Asset Finance,75481
501,458,27/08/2016,,,15906
502,459,05/10/2017,,Line of Credit,2078
503,460,23/10/2015,,Term Loan,23720
504,461,27/07/2020,,Asset Finance,67763
505,462,05/04/2017,,Line of Credit,14014
506,463,26/10/2019,,Term Loan,99977
507,464,07/10/2020,,Mortgage,81225
508,465,04/10/2015,,Mortgage,99106
509,466,22/01/2020,,Term Loan,72472
510,467,01/10/2021,,Mortgage,48949
511,468,06/07/2017,,Mortgage,18772
512,469,24/05/2017,,Mortgage,2079
513,470,27/10/2016,,Mortgage,82537
514,471,24/03/2017,,Term Loan,5657
515,472,14/05/2023,,Mortgage,18327
516,473,27/12/2017,,Asset Finance,71462
517,474,07/02/2015,,Mortgage,59472
518,475,06/12/2023,,Asset Finance,15094
519,476,11/07/2020,,Term Loan,45266
520,477,24/02/2016,,Mortgage,46742
521,478,10/05/2018,,Term Loan,19055
522,479,14/07/2015,,Line of Credit,51165
523,480,24/03/2023,,Asset Finance,57867
524,481,02/04/2020,,Mortgage,73793
525,482,21/06/2022,,Asset Finance,87245
526,483,02/04/2021,,Line of Credit,84350
527,483,13/04/2017,,Mortgage,21634
528,484,12/04/2021,,Line of Credit,29703
529,485,22/04/2015,,Mortgage,15175
530,485,28/12/2018,,Term Loan,47025
531,486,28/07/2015,,Term Loan,67630
532,487,12/02/2020,,Line of Credit,80628
533,488,11/07/2021,,Term Loan,27614
534,489,01/03/2017,,Term Loan,28948
535,490,15/03/2023,,Term Loan,12072
536,491,09/06/2023,,Term Loan,93142
537,492,12/03/2020,,Asset Finance,88350
538,493,28/01/2017,,Mortgage,6886
539,494,11/03/2022,,Line of Credit,54648
540,495,24/08/2021,,Mortgage,86378
541,496,28/02/2016,,Line of Credit,50807
542,496,02/12/2021,,Mortgage,90844
543,497,28/04/2021,,Line of Credit,28146
544,498,31/03/2020,,Mortgage,30049
545,499,27/08/2020,,Line of Credit,30751
546,500,06/03/2021,,Mortgage,61811
547,500,20/02/2021,,Line of Credit,41482
548,501,12/02/2018,,Asset Finance,16623
549,502,23/03/2020,,Term Loan,60905
550,503,24/02/2018,,Mortgage,28199
551,504,03/05/2015,,Term Loan,55308
552,505,16/08/2020,,Term Loan,45723
553,506,01/06/2020,,Line of Credit,35521
554,506,31/05/2016,,Mortgage,87715
555,507,02/09/2015,,Term Loan,18194
556,508,16/11/2019,,Line of Credit,46719
557,509,10/08/2020,,Mortgage,87724
558,510,23/02/2020,,Term Loan,19733
559,511,12/12/2019,,Line of Credit,11829
560,512,24/03/2021,,Mortgage,36758
561,513,18/08/2021,,Term Loan,4953
562,514,20/10/2021,,Term Loan,93994
563,515,18/10/2020,,Mortgage,78931
564,516,19/04/2023,,Asset Finance,51937
565,517,25/12/2018,,Mortgage,41352
566,518,04/09/2023,,Term Loan,78548
567,519,31/12/2018,,Term Loan,45298
568,520,21/01/2016,,Mortgage,24906
569,521,14/01/2015,,Mortgage,38088
570,522,25/02/2017,,Asset Finance,42471
571,523,04/02/2020,,Mortgage,16227
572,524,14/12/2018,,Term Loan,79574
573,525,16/09/2015,,Line of Credit,11977
574,526,05/08/2015,,Term Loan,79426
575,527,29/12/2016,,Term Loan,47574
576,528,26/05/2015,,Term Loan,49381
577,529,04/12/2015,,Term Loan,42295
578,530,29/11/2015,,Term Loan,82537
579,531,17/05/2020,,Line of Credit,40502
580,532,29/12/2016,,Term Loan,46529
581,533,16/08/2017,,Asset Finance,57430
582,534,17/01/2017,,Asset Finance,99818
583,535,16/10/2019,,Term Loan,2485
584,536,03/09/2017,,Asset Finance,48529
585,537,01/10/2021,,,47612
586,538,13/02/2023,,Mortgage,49774
587,539,24/05/2015,,Line of Credit,12305
588,540,13/12/2023,,Asset Finance,96515
589,541,10/12/2022,,Line of Credit,94607
590,542,07/07/2021,,Mortgage,9943
591,543,28/01/2022,,Asset Finance,61381
592,544,22/11/2019,,Term Loan,60372
593,545,02/09/2022,,Asset Finance,81994
594,546,20/02/2015,,Term Loan,32579
595,547,25/11/2023,,Term Loan,30633
596,548,15/02/2017,,Asset Finance,87305
597,549,27/11/2021,,Mortgage,21516
598,550,19/05/2015,,Term Loan,99756
599,551,21/10/2015,,Mortgage,84451
600,551,30/03/2016,,Line of Credit,20822
601,552,02/03/2016,,Term Loan,11494
602,553,06/05/2017,,Term Loan,24884
603,554,19/03/2020,,Term Loan,94295
604,555,28/08/2016,,Mortgage,10468
605,556,19/10/2015,,Mortgage,43103
606,557,20/06/2021,,Term Loan,51744
607,558,09/06/2022,,Mortgage,98007
608,559,01/12/2016,,Term Loan,29416
609,560,05/05/2018,,Term Loan,63585
610,561,14/05/2022,,Term Loan,89305
611,561,03/01/2023,,Term Loan,98982
612,562,10/04/2016,,Mortgage,90864
613,563,17/06/2021,,Mortgage,21806
614,564,29/06/2019,,Line of Credit,59308
615,565,07/11/2019,,Mortgage,11045
616,566,04/11/2023,,Term Loan,29916
617,567,21/05/2018,,Asset Finance,53207
618,568,08/09/2017,,Mortgage,55149
619,569,01/03/2019,,Line of Credit,81081
620,570,07/04/2016,,Mortgage,49049
621,571,08/07/2020,,Asset Finance,81894
622,572,18/09/2015,,Mortgage,2197
623,573,18/06/2017,,Asset Finance,52897
624,574,12/05/2022,,Mortgage,47631
625,575,21/10/2020,,Mortgage,34022
626,576,04/08/2018,,Asset Finance,24249
627,577,07/04/2022,,Mortgage,71038
628,578,21/12/2021,,Line of Credit,57747
629,579,28/08/2022,,Line of Credit,81718
630,579,15/07/2023,,Mortgage,46401
631,579,03/12/2020,,Term Loan,57459
632,580,13/06/2020,,Term Loan,86354
633,581,10/02/2022,,Line of Credit,83577
634,582,01/04/2020,,Line of Credit,82914
635,583,03/07/2022,,Mortgage,70203
636,584,18/07/2018,,Term Loan,79106
637,585,20/08/2016,,Term Loan,74728
638,586,05/11/2019,,Term Loan,41277
639,587,24/12/2015,,Asset Finance,79491
640,588,05/09/2016,,Asset Finance,28819
641,589,29/06/2015,,Line of Credit,81245
642,590,23/07/2016,,Term Loan,18890
643,591,04/11/2018,,Term Loan,86198
644,591,15/10/2019,,Mortgage,97939
645,592,18/07/2021,,Line of Credit,39855
646,593,06/03/2017,,Asset Finance,92542
647,594,31/01/2018,,Mortgage,36848
648,595,05/10/2020,,Mortgage,81865
649,595,27/06/2022,,Term Loan,9201
650,596,05/07/2023,,Asset Finance,95895
651,597,09/07/2023,,Line of Credit,15975
652,598,07/06/2016,,Asset Finance,67986
653,599,10/09/2023,,Asset Finance,11189
654,600,20/04/2023,,Asset Finance,46973
655,601,09/07/2021,,,17080
656,602,03/04/2017,,Line of Credit,35893
657,603,01/08/2023,,Term Loan,92658
658,604,12/06/2023,,Mortgage,58647
659,605,24/01/2015,,Mortgage,98083
660,606,10/09/2020,,Mortgage,15713
661,607,26/03/2020,,Term Loan,19134
662,608,18/02/2016,,Term Loan,72839
663,609,22/08/2019,,Term Loan,33692
664,610,23/03/2016,,Line of Credit,20343
665,611,06/12/2021,,Line of Credit,9267
666,612,24/05/2016,,Mortgage,38634
667,613,08/09/2023,,Mortgage,27815
668,614,01/01/2016,,Asset Finance,77993
669,614,20/06/2016,,Mortgage,22477
670,615,12/09/2015,,Asset Finance,24589
671,616,27/10/2021,,Term Loan,30984
672,617,27/05/2023,,Term Loan,5108
673,618,19/04/2023,,Asset Finance,90619
674,619,24/06/2020,,Term Loan,36629
675,620,19/05/2015,,Term Loan,75538
676,621,30/03/2016,,Asset Finance,22695
677,621,16/09/2018,,Line of Credit,9674
678,622,22/01/2015,,Mortgage,31204
679,622,27/01/2023,,Term Loan,84944
680,623,18/05/2016,,Asset Finance,40438
681,624,02/03/2015,,Term Loan,73369
682,625,14/06/2016,,Term Loan,24119
683,626,12/04/2021,,Line of Credit,35268
684,627,07/09/2017,,Term Loan,86756
685,628,09/06/2023,,Term Loan,80708
686,629,03/04/2022,,Mortgage,2406
687,630,08/12/2023,,Mortgage,74202
688,631,10/11/2022,,Term Loan,99661
689,632,05/05/2017,,Term Loan,39701
690,633,01/04/2016,,Term Loan,78136
691,634,02/01/2019,,Term Loan,70811
692,635,03/07/2021,,Line of Credit,78337
693,636,06/11/2016,,Term Loan,92152
694,637,06/06/2016,,Mortgage,61313
695,638,13/01/2022,,Term Loan,34813
696,639,13/09/2022,,Line of Credit,51211
697,640,08/09/2015,,Asset Finance,41995
698,641,05/01/2018,,Line of Credit,72142
699,642,06/01/2022,,Term Loan,28098
700,643,06/04/2016,,Mortgage,96555
701,644,05/01/2015,,Line of Credit,38485
702,645,02/12/2019,,Term Loan,4145
703,646,23/11/2023,,Line of Credit,19286
704,647,13/04/2023,,Mortgage,55791
705,648,23/12/2016,,Mortgage,13771
706,649,14/09/2015,,Mortgage,9071
707,650,24/03/2021,,Term Loan,53897
708,651,03/08/2021,,Mortgage,67097
709,652,13/02/2016,,Asset Finance,6733
710,653,28/12/2020,,Line of Credit,56334
711,654,18/06/2023,,Mortgage,87971
712,655,18/04/2023,,Term Loan,87264
713,656,20/12/2018,,Line of Credit,61372
714,657,11/08/2016,,Mortgage,92098
715,658,19/04/2022,,Asset Finance,69530
716,659,22/11/2023,,Line of Credit,72285
717,660,22/03/2023,,Term Loan,6321
718,661,07/06/2023,,Term Loan,81815
719,662,22/03/2017,,Mortgage,12327
720,663,18/06/2023,,Asset Finance,87618
721,664,01/06/2015,,Mortgage,71770
722,665,16/05/2022,,Mortgage,44712
723,666,07/04/2019,,Term Loan,70355
724,667,20/12/2022,,Term Loan,59921
725,667,09/01/2015,,Line of Credit,64049
726,668,07/04/2021,,Asset Finance,19384
727,669,20/10/2023,,Asset Finance,2961
728,670,28/02/2015,,Mortgage,33224
729,671,28/08/2018,,Line of Credit,33765
730,672,11/01/2022,,Mortgage,20185
731,673,07/12/2021,,Asset Finance,92097
732,673,06/04/2021,,Asset Finance,38719
733,673,21/12/2015,,Term Loan,16630
734,674,19/05/2023,,Asset Finance,56652
735,675,12/09/2016,,Term Loan,24278
736,676,24/04/2018,,Term Loan,9995
737,677,27/06/2019,,Term Loan,44394
738,678,20/03/2023,,Line of Credit,87134
739,679,22/03/2023,,Asset Finance,50126
740,680,18/08/2023,,Mortgage,24521
741,681,14/06/2022,,Line of Credit,65943
742,682,14/07/2018,,Asset Finance,69309
743,683,18/08/2023,,Line of Credit,14648
744,684,16/09/2015,,Mortgage,26062
745,685,06/05/2018,,Mortgage,13355
746,686,23/07/2020,,Asset Finance,55265
747,687,24/05/2015,,Mortgage,29230
748,688,25/02/2017,,Term Loan,89885
749,689,13/05/2020,,Line of Credit,41236
750,690,03/11/2020,,Asset Finance,17118
751,691,01/10/2015,,Mortgage,54762
752,692,21/09/2018,,Term Loan,67786
753,692,11/04/2022,,Term Loan,74940
754,693,16/12/2022,,Mortgage,58871
755,693,30/09/2022,,Line of Credit,67851
756,693,05/11/2016,,Term Loan,23855
757,694,04/08/2018,,Mortgage,54822
758,695,17/10/2022,,Mortgage,87644
759,696,25/01/2023,,Line of Credit,96979
760,697,03/10/2016,,Mortgage,37817
761,698,05/08/2016,,Term Loan,97039
762,699,17/08/2016,,Line of Credit,24421
763,700,31/12/2020,,Term Loan,78358
764,701,24/10/2019,,Term Loan,78665
765,702,02/07/2018,,Mortgage,71332
766,703,27/12/2015,,Term Loan,51849
767,704,05/02/2016,,Line of Credit,13078
768,705,03/02/2019,,Asset Finance,98076
769,706,23/06/2022,,Term Loan,7481
770,707,29/12/2022,,Asset Finance,69274
771,708,07/02/2022,,Term Loan,23133
772,709,29/05/2015,,Mortgage,20622
773,710,06/04/2022,,Line of Credit,85847
774,711,26/11/2016,,Term Loan,29673
775,712,24/09/2022,,Term Loan,81954
776,713,20/10/2020,,Term Loan,36037
777,714,17/11/2019,,Line of Credit,69834
778,715,27/06/2017,,Mortgage,29677
779,716,11/10/2019,,Mortgage,88589
780,717,04/08/2017,,Line of Credit,52731
781,717,23/08/2020,,Mortgage,92877
782,718,22/06/2015,,Line of Credit,28404
783,718,30/06/2021,,Term Loan,69286
784,719,13/08/2016,,Line of Credit,26028
785,720,30/10/2017,,Mortgage,32895
786,721,05/04/2019,,Line of Credit,53017
787,721,15/02/2015,,Mortgage,14540
788,722,21/03/2018,,Mortgage,81305
789,723,11/04/2016,,,26833
790,724,19/01/2023,,Asset Finance,83243
791,725,17/11/2023,,Asset Finance,55756
792,726,13/07/2018,,Term Loan,17790
793,727,05/11/2018,,Mortgage,97974
794,727,28/06/2017,,Asset Finance,18877
795,728,23/07/2018,,Line of Credit,92490
796,729,25/11/2018,,Line of Credit,3102
797,730,01/11/2018,,Term Loan,84649
798,731,23/05/2017,,Asset Finance,37020
799,732,15/11/2023,,Term Loan,16929
800,733,27/12/2017,,Asset Finance,42746
801,734,26/10/2015,,Line of Credit,79500
802,734,28/05/2022,,Mortgage,87622
803,735,03/09/2023,,Line of Credit,15043
804,736,02/09/2019,,Asset Finance,48631
805,737,29/04/2021,,Term Loan,46976
806,738,11/07/2021,,Mortgage,21359
807,739,09/08/2020,,Term Loan,63580
808,739,04/01/2016,,Term Loan,47734
809,740,01/08/2016,,Asset Finance,86925
810,741,03/09/2015,,Mortgage,19904
811,742,05/02/2023,,Mortgage,17616
812,743,01/05/2020,,Mortgage,31778
813,744,23/03/2019,,Line of Credit,74678
814,745,12/04/2016,,Term Loan,11407
815,746,02/12/2019,,Line of Credit,58589
816,747,16/01/2023,,Term Loan,76019
817,747,19/11/2017,,Term Loan,10922
818,748,16/12/2020,,Line of Credit,20682
819,748,26/07/2017,,Asset Finance,91965
820,749,19/07/2023,,Term Loan,19118
821,750,08/01/2020,,Mortgage,38704
822,751,30/03/2019,,Asset Finance,98244
823,752,23/08/2017,,Mortgage,42089
824,753,01/03/2017,,Term Loan,31282
825,754,04/01/2016,,,85762
826,754,10/09/2021,,Mortgage,88879
827,755,27/04/2018,,Term Loan,60679
828,756,18/02/2018,,Asset Finance,14821
829,757,15/05/2020,,Term Loan,8937
830,758,30/08/2019,,Term Loan,14085
831,759,17/08/2023,,Mortgage,83530
832,760,11/06/2018,,Line of Credit,11621
833,761,22/05/2017,,Term Loan,96310
834,762,13/10/2023,,Asset Finance,7305
835,763,16/05/2023,,Line of Credit,39734
836,764,05/12/2020,,Term Loan,27448
837,764,27/02/2020,,Term Loan,78682
838,765,20/05/2022,,Asset Finance,84814
839,766,24/10/2022,,Mortgage,86504
840,767,07/03/2015,,Line of Credit,85905
841,768,21/05/2019,,Mortgage,39983
842,769,14/05/2015,,Line of Credit,83010
843,770,30/10/2019,,,4971
844,771,06/11/2017,,Line of Credit,69225
845,772,17/12/2022,,Term Loan,64877
846,772,24/01/2018,,Line of Credit,25973
847,773,18/09/2018,,Asset Finance,29834
848,774,05/01/2022,,Mortgage,95595
849,775,22/01/2015,,Line of Credit,92988
850,776,01/07/2016,,Term Loan,11540
851,777,24/11/2022,,Mortgage,72033
852,778,03/05/2017,,Term Loan,13310
853,779,05/11/2021,,Mortgage,58739
854,780,04/11/2018,,Asset Finance,8304
855,781,12/10/2020,,Term Loan,37987
856,782,29/01/2016,,Term Loan,33859
857,783,27/05/2017,,Line of Credit,78429
858,784,21/02/2019,,Mortgage,75409
859,785,09/06/2017,,Line of Credit,96351
860,786,14/09/2016,,Mortgage,48060
861,787,12/10/2019,,Mortgage,44008
862,788,08/11/2015,,Asset Finance,53289
863,789,18/07/2021,,Term Loan,75046
864,790,20/10/2017,,Mortgage,85103
865,791,28/05/2023,,Term Loan,16464
866,792,12/12/2022,,Term Loan,84773
867,793,19/01/2017,,Asset Finance,21916
868,794,03/03/2019,,Line of Credit,49388
869,795,12/07/2015,,Asset Finance,61784
870,795,06/02/2015,,Mortgage,54995
871,795,16/08/2023,,Term Loan,91153
872,796,07/05/2021,,Asset Finance,66854
873,797,10/05/2018,,Mortgage,45345
874,798,12/03/2017,,Term Loan,77920
875,799,27/02/2015,,Line of Credit,47106
876,800,14/05/2019,,Mortgage,4548
877,800,06/07/2015,,Line of Credit,33183
878,801,24/05/2017,,Line of Credit,79352
879,802,02/04/2017,,Mortgage,17265
880,803,20/02/2023,,Mortgage,74959
881,803,19/10/2021,,Term Loan,22762
882,804,04/07/2017,,Mortgage,58649
883,805,29/07/2017,,Term Loan,30646
884,806,17/02/2016,,Term Loan,33736
885,807,25/11/2016,,Line of Credit,32354
886,808,03/06/2016,,Mortgage,57665
887,809,22/02/2019,,Line of Credit,49457
888,809,10/05/2015,,Term Loan,29861
889,810,01/12/2022,,Asset Finance,23182
890,811,12/01/2019,,Asset Finance,40841
891,812,04/03/2023,,Term Loan,65224
892,813,24/08/2023,,Mortgage,39717
893,814,21/07/2023,,Line of Credit,28427
894,814,28/11/2021,,Asset Finance,35418
895,815,15/02/2021,,Asset Finance,56995
896,816,29/08/2016,,Asset Finance,53768
897,817,01/07/2017,,Mortgage,79932
898,818,08/03/2019,,Line of Credit,66730
899,819,06/03/2015,,Mortgage,92943
900,820,04/04/2021,,Term Loan,8537
901,820,25/02/2019,,Asset Finance,75318
902,821,12/07/2021,,Term Loan,19376
903,821,07/05/2017,,Line of Credit,55625
904,822,04/12/2018,,Term Loan,48683
905,823,29/06/2018,,Term Loan,13161
906,824,18/05/2017,,Asset Finance,45260
907,825,17/07/2020,,Asset Finance,98561
908,826,15/09/2019,,Asset Finance,60522
909,827,12/01/2016,,Asset Finance,30466
910,828,21/12/2021,,Mortgage,20913
911,829,03/04/2023,,Mortgage,68647
912,830,21/10/2016,,Term Loan,14418
913,831,30/12/2017,,Term Loan,87398
914,832,05/09/2023,,Mortgage,99676
915,833,17/01/2021,,Term Loan,48007
916,834,25/03/2018,,Asset Finance,77926
917,835,26/03/2020,,,70292
918,835,16/09/2023,,Term Loan,46968
919,836,23/02/2017,,Asset Finance,43718
920,837,22/10/2017,,Line of Credit,57182
921,838,26/10/2019,,Term Loan,93634
922,839,19/09/2022,,Mortgage,15504
923,840,20/11/2020,,Mortgage,12764
924,841,23/08/2023,,Mortgage,10865
925,842,06/12/2019,,Mortgage,64977
926,843,13/07/2017,,Term Loan,8081
927,844,22/07/2016,,Term Loan,36338
928,845,10/08/2020,,Mortgage,4370
929,846,18/05/2016,,Term Loan,54177
930,847,05/09/2021,,Asset Finance,35638
931,848,05/03/2019,,Line of Credit,43903
932,849,12/09/2021,,Mortgage,78191
933,850,24/11/2023,,Asset Finance,89520
934,851,16/11/2018,,Term Loan,40904
935,852,27/02/2015,,Line of Credit,88393
936,853,16/08/2023,,Term Loan,35255
937,854,15/05/2016,,Line of Credit,17640
938,855,13/08/2019,,Line of Credit,6871
939,856,29/11/2017,,Line of Credit,30383
940,856,23/05/2019,,Mortgage,12397
941,857,13/08/2017,,Mortgage,85734
942,858,25/09/2021,,Term Loan,4422
943,859,08/05/2016,,Line of Credit,82536
944,859,17/01/2023,,Line of Credit,9361
945,859,18/10/2023,,Line of Credit,59474
946,859,29/08/2017,,Term Loan,28591
947,860,18/04/2015,,Line of Credit,26662
948,861,18/11/2019,,Mortgage,99074
949,862,12/05/2020,,Term Loan,65389
950,863,06/01/2022,,Asset Finance,49810
951,864,08/06/2021,,Line of Credit,94660
952,865,02/04/2018,,Line of Credit,25723
953,866,12/04/2020,,Term Loan,60827
954,867,21/01/2021,,Term Loan,69887
955,868,29/08/2016,,Asset Finance,17543
956,869,18/07/2017,,Mortgage,65286
957,870,10/12/2015,,Asset Finance,59871
958,871,08/03/2021,,Term Loan,66508
959,872,21/03/2017,,Line of Credit,70048
960,873,03/11/2022,,Mortgage,36479
961,873,25/02/2021,,Mortgage,93754
962,874,24/04/2022,,Line of Credit,50781
963,875,11/07/2022,,Mortgage,35799
964,876,14/03/2016,,Line of Credit,10796
965,876,27/06/2022,,Line of Credit,53430
966,877,20/01/2019,,Mortgage,58581
967,878,09/10/2018,,Line of Credit,10931
968,879,07/03/2017,,Mortgage,68030
969,880,23/08/2018,,Mortgage,35791
970,881,08/09/2021,,Term Loan,4250
971,882,07/07/2020,,Line of Credit,83400
972,883,02/07/2018,,Mortgage,4610
973,883,07/10/2020,,Term Loan,74305
974,884,12/04/2019,,Asset Finance,22126
975,885,26/04/2018,,Line of Credit,35189
976,886,14/07/2022,,Line of Credit,23199
977,887,21/04/2015,,Line of Credit,2394
978,888,11/11/2016,,Term Loan,10822
979,889,30/01/2019,,Mortgage,29603
980,890,09/02/2019,,Asset Finance,90933
981,890,11/07/2019,,Asset Finance,26845
982,891,09/01/2019,,Mortgage,70489
983,892,11/11/2021,,Term Loan,26088
984,893,21/05/2022,,Mortgage,86187
985,894,15/02/2019,,Term Loan,54465
986,895,30/05/2022,,Term Loan,25411
987,896,23/08/2021,,Term Loan,84926
988,897,30/04/2015,,Mortgage,84751
989,898,15/04/2021,,Asset Finance,15852
990,899,08/02/2016,,Line of Credit,93122
991,900,14/03/2021,,Mortgage,37833
992,901,07/07/2019,,Asset Finance,41294
993,902,13/06/2019,,Line of Credit,22933
994,902,12/11/2020,,Asset Finance,11398
995,903,26/06/2021,,Asset Finance,69804
996,903,12/11/2019,,Asset Finance,71958
997,904,30/01/2020,,Asset Finance,76235
998,905,21/11/2022,,Term Loan,24368
999,906,19/08/2017,,Term Loan,49761
1000,907,15/04/2023,,Mortgage,13768
